DELETE FROM ServiceDepartment;
DELETE FROM Service;
DELETE FROM ServiceCategory;
DELETE FROM Department;

DECLARE @FacilityId INT;
SET @FacilityId = 2289;
DECLARE @CreatedBy uniqueidentifier;
SET @CreatedBy = '{CECB264D-B24B-42F8-AC73-D4A6F983FA91}';

INSERT INTO Department VALUES ('{9E8A3E8E-A0CC-4AEC-41FF-08DDB25FB049}', 'D001', @FacilityId, 'OPD', NULL, 'False', 'True',   @CreatedBy, GETDATE(), NULL, NULL, 'OPD Main Department');
INSERT INTO Department VALUES ('{341B9101-4684-424F-4200-08DDB25FB049}', 'D002', @FacilityId, 'OPD - VItal Sign', '{9E8A3E8E-A0CC-4AEC-41FF-08DDB25FB049}', 'True', 'True',   @CreatedBy, GETDATE(), NULL, NULL, 'OPD - VItal Sign');
INSERT INTO Department VALUES ('{F7BA1271-A83A-4A46-4201-08DDB25FB049}', 'D003', @FacilityId, 'Animal Bite - Consultation', '{9E8A3E8E-A0CC-4AEC-41FF-08DDB25FB049}', 'True', 'True',   @CreatedBy, GETDATE(), NULL, NULL, 'Animal Bite - Consultation');
INSERT INTO Department VALUES ('{52D6FAF2-D7BB-4A95-4202-08DDB25FB049}', 'D004', @FacilityId, 'Animal Vite - Vaccination', '{9E8A3E8E-A0CC-4AEC-41FF-08DDB25FB049}', 'True', 'True',   @CreatedBy, GETDATE(), NULL, NULL, 'Animal Vite - Vaccination');
INSERT INTO Department VALUES ('{8844545E-6EB4-4BFB-4203-08DDB25FB049}', 'D005', @FacilityId, 'Dental', '{9E8A3E8E-A0CC-4AEC-41FF-08DDB25FB049}', 'True', 'True',   @CreatedBy, GETDATE(), NULL, NULL, 'Dental');

INSERT INTO ServiceCategory VALUES ('{DCDDB74E-8B1D-4CC7-F5ED-08DDA5883099}', 'Animal Bite Services', 'etc', @FacilityId, 'True', '{681321A8-8E8F-4103-8D14-5AF00C4C404C}', GETDATE(), NULL, NULL);
INSERT INTO ServiceCategory VALUES ('{F1EA3A8D-8363-48C5-B305-08DDA705EC19}', 'Dental Services', 'Dental Services', @FacilityId, 'True', '{681321A8-8E8F-4103-8D14-5AF00C4C404C}', GETDATE(), NULL, NULL);

INSERT INTO Service VALUES ('{780FBAD5-9709-491A-AF91-259211361BA3}', 'Animal Bite', 'Animal Bite', @FacilityId, '2', 'True',   @CreatedBy, GETDATE(), NULL, NULL, '{341B9101-4684-424F-4200-08DDB25FB049}', '{DCDDB74E-8B1D-4CC7-F5ED-08DDA5883099}');
INSERT INTO Service VALUES ('{CC3F5CC7-2065-42CA-896F-CEE868AF8B18}', 'Dental', 'Dental', @FacilityId, '2', 'True',   @CreatedBy, GETDATE(), NULL, NULL, '{341B9101-4684-424F-4200-08DDB25FB049}', '{F1EA3A8D-8363-48C5-B305-08DDA705EC19}');

INSERT INTO ServiceDepartment VALUES ('{F2360E40-CF2E-4C13-AA51-2F3FA722C844}', '{780FBAD5-9709-491A-AF91-259211361BA3}', '{341B9101-4684-424F-4200-08DDB25FB049}', 'True');
INSERT INTO ServiceDepartment VALUES ('{55A2AF5D-FECE-4BB8-BF3E-96BE7957FF28}', '{CC3F5CC7-2065-42CA-896F-CEE868AF8B18}', '{8844545E-6EB4-4BFB-4203-08DDB25FB049}', 'True');
INSERT INTO ServiceDepartment VALUES ('{E5C1180B-8619-487C-AABC-A7CD7B7C278C}', '{CC3F5CC7-2065-42CA-896F-CEE868AF8B18}', '{341B9101-4684-424F-4200-08DDB25FB049}', 'True');
INSERT INTO ServiceDepartment VALUES ('{365FE027-26F6-4400-B457-C967C1CEEDC6}', '{780FBAD5-9709-491A-AF91-259211361BA3}', '{F7BA1271-A83A-4A46-4201-08DDB25FB049}', 'True');
INSERT INTO ServiceDepartment VALUES ('{5D8C75AB-5A31-474B-A685-FFA5510C76B5}', '{780FBAD5-9709-491A-AF91-259211361BA3}', '{52D6FAF2-D7BB-4A95-4202-08DDB25FB049}', 'True');